empresa,uds_id,hsstart,hsstop,datai,dataf,sentido,linha,carro,qtpsg,valor_jornada,nao_sei
1,6220486,06:07:57,06:57:51,01/01/2024,01/01/2024,0,4601,20103,3,12,75.0
1,6220486,06:07:57,06:57:51,01/01/2024,01/01/2024,0,4601,20103,2,0,
1,6220486,06:07:57,06:57:51,01/01/2024,01/01/2024,0,4601,20103,5,20,
1,6220486,06:07:57,06:57:51,01/01/2024,01/01/2024,0,4601,20103,1,4,
1,6220486,06:57:53,07:50:52,01/01/2024,01/01/2024,1,4601,20103,2,8,5.0
1,6220486,06:57:53,07:50:52,01/01/2024,01/01/2024,1,4601,20103,1,4,
1,6220486,06:57:53,07:50:52,01/01/2024,01/01/2024,1,4601,20103,7,0,
1,6220486,06:57:53,07:50:52,01/01/2024,01/01/2024,1,4601,20103,2,0,
1,6220486,06:57:53,07:50:52,01/01/2024,01/01/2024,1,4601,20103,2,0,
1,6220486,06:57:53,07:50:52,01/01/2024,01/01/2024,1,4601,20103,5,20,
1,6220486,07:50:55,08:50:28,01/01/2024,01/01/2024,0,4601,20103,6,24,
1,6220486,07:50:55,08:50:28,01/01/2024,01/01/2024,0,4601,20103,3,12,
1,6220486,07:50:55,08:50:28,01/01/2024,01/01/2024,0,4601,20103,8,34,
1,6220486,07:50:55,08:50:28,01/01/2024,01/01/2024,0,4601,20103,2,0,
1,6220486,07:50:55,08:50:28,01/01/2024,01/01/2024,0,4601,20103,2,0,
1,6220486,07:50:55,08:50:28,01/01/2024,01/01/2024,0,4601,20103,8,0,
1,6220486,08:50:31,09:38:16,01/01/2024,01/01/2024,1,4601,20103,2,8,
1,6220486,08:50:31,09:38:16,01/01/2024,01/01/2024,1,4601,20103,4,0,
1,6220486,08:50:31,09:38:16,01/01/2024,01/01/2024,1,4601,20103,5,21,25.0
1,6220486,08:50:31,09:38:16,01/01/2024,01/01/2024,1,4601,20103,2,8,
1,6220486,09:38:19,10:30:50,01/01/2024,01/01/2024,0,4601,20103,3,12,
1,6220486,09:38:19,10:30:50,01/01/2024,01/01/2024,0,4601,20103,4,17,
1,6220486,09:38:19,10:30:50,01/01/2024,01/01/2024,0,4601,20103,2,8,
1,6220486,09:38:19,10:30:50,01/01/2024,01/01/2024,0,4601,20103,2,0,
1,6220486,09:38:19,10:30:50,01/01/2024,01/01/2024,0,4601,20103,1,0,
1,6220486,10:34:32,11:35:29,01/01/2024,01/01/2024,1,4601,20103,5,21,25.0
1,6220486,10:34:32,11:35:29,01/01/2024,01/01/2024,1,4601,20103,4,16,
1,6220486,10:34:32,11:35:29,01/01/2024,01/01/2024,1,4601,20103,5,0,
1,6220486,10:34:32,11:35:29,01/01/2024,01/01/2024,1,4601,20103,1,0,
1,6220486,11:44:08,12:09:02,01/01/2024,01/01/2024,0,4601,20103,1,0,
1,6220486,11:44:08,12:09:02,01/01/2024,01/01/2024,0,4601,20103,2,8,
1,6220486,11:44:08,12:09:02,01/01/2024,01/01/2024,0,4601,20103,1,4,25.0
1,6220486,11:44:08,12:09:02,01/01/2024,01/01/2024,0,4601,20103,1,0,
1,6220511,12:11:16,12:38:53,01/01/2024,01/01/2024,0,4601,20103,1,0,
1,6220511,12:38:55,13:47:28,01/01/2024,01/01/2024,1,4601,20103,2,8,
1,6220511,12:38:55,13:47:28,01/01/2024,01/01/2024,1,4601,20103,1,4,
1,6220511,12:38:55,13:47:28,01/01/2024,01/01/2024,1,4601,20103,2,0,
1,6220511,12:38:55,13:47:28,01/01/2024,01/01/2024,1,4601,20103,2,8,5.0
1,6220511,13:47:31,14:41:33,01/01/2024,01/01/2024,0,4601,20103,6,24,
1,6220511,13:47:31,14:41:33,01/01/2024,01/01/2024,0,4601,20103,1,0,
1,6220511,13:47:31,14:41:33,01/01/2024,01/01/2024,0,4601,20103,1,0,
1,6220511,13:47:31,14:41:33,01/01/2024,01/01/2024,0,4601,20103,1,4,25.0
1,6220511,14:43:58,15:47:21,01/01/2024,01/01/2024,1,4601,20103,9,36,
1,6220511,14:43:58,15:47:21,01/01/2024,01/01/2024,1,4601,20103,1,0,
1,6220511,14:43:58,15:47:21,01/01/2024,01/01/2024,1,4601,20103,1,4,
1,6220511,14:43:58,15:47:21,01/01/2024,01/01/2024,1,4601,20103,8,34,
1,6220511,14:43:58,15:47:21,01/01/2024,01/01/2024,1,4601,20103,3,0,
1,6220511,15:52:42,16:49:43,01/01/2024,01/01/2024,0,4601,20103,3,12,75.0
1,6220511,15:52:42,16:49:43,01/01/2024,01/01/2024,0,4601,20103,7,0,
1,6220511,16:49:46,17:56:03,01/01/2024,01/01/2024,1,4601,20103,3,12,
1,6220511,16:49:46,17:56:03,01/01/2024,01/01/2024,1,4601,20103,1,0,
1,6220511,16:49:46,17:56:03,01/01/2024,01/01/2024,1,4601,20103,5,20,
1,6220511,16:49:46,17:56:03,01/01/2024,01/01/2024,1,4601,20103,3,12,75.0
1,6220511,16:49:46,17:56:03,01/01/2024,01/01/2024,1,4601,20103,1,0,
1,6220511,16:49:46,17:56:03,01/01/2024,01/01/2024,1,4601,20103,2,0,
1,6220511,17:56:06,18:58:04,01/01/2024,01/01/2024,0,4601,20103,3,0,
1,6220511,17:56:06,18:58:04,01/01/2024,01/01/2024,0,4601,20103,3,12,
1,6220511,17:56:06,18:58:04,01/01/2024,01/01/2024,0,4601,20103,1,4,25.0
1,6221008,05:49:36,06:33:16,01/01/2024,01/01/2024,1,7103,20106,3,12,
1,6221008,05:49:36,06:33:16,01/01/2024,01/01/2024,1,7103,20106,6,25,5.0
1,6221008,05:49:36,06:33:16,01/01/2024,01/01/2024,1,7103,20106,1,0,
1,6221008,05:49:36,06:33:16,01/01/2024,01/01/2024,1,7103,20106,2,0,
1,6221008,05:49:36,06:33:16,01/01/2024,01/01/2024,1,7103,20106,1,4,25.0
1,6221008,05:49:36,06:33:16,01/01/2024,01/01/2024,1,7103,20106,2,0,
1,6221008,05:49:36,06:33:16,01/01/2024,01/01/2024,1,7103,20106,9,36,
1,6221008,06:36:45,07:16:44,01/01/2024,01/01/2024,0,7103,20106,4,17,
1,6221008,06:36:45,07:16:44,01/01/2024,01/01/2024,0,7103,20106,2,8,
1,6221008,06:36:45,07:16:44,01/01/2024,01/01/2024,0,7103,20106,6,24,
1,6221008,06:36:45,07:16:44,01/01/2024,01/01/2024,0,7103,20106,1,0,
1,6221008,07:27:00,08:16:40,01/01/2024,01/01/2024,1,7103,20106,10,40,
1,6221008,07:27:00,08:16:40,01/01/2024,01/01/2024,1,7103,20106,5,21,25.0
1,6221008,07:27:00,08:16:40,01/01/2024,01/01/2024,1,7103,20106,7,0,
1,6221008,07:27:00,08:16:40,01/01/2024,01/01/2024,1,7103,20106,1,0,
1,6221008,07:27:00,08:16:40,01/01/2024,01/01/2024,1,7103,20106,2,8,
1,6221008,07:27:00,08:16:40,01/01/2024,01/01/2024,1,7103,20106,3,0,
1,6221008,07:27:00,08:16:40,01/01/2024,01/01/2024,1,7103,20106,1,0,
1,6221008,08:16:43,08:58:45,01/01/2024,01/01/2024,0,7103,20106,6,24,
1,6221008,08:16:43,08:58:45,01/01/2024,01/01/2024,0,7103,20106,8,34,
1,6221008,08:16:43,08:58:45,01/01/2024,01/01/2024,0,7103,20106,2,8,
1,6221008,08:16:43,08:58:45,01/01/2024,01/01/2024,0,7103,20106,1,0,
1,6221008,08:16:43,08:58:45,01/01/2024,01/01/2024,0,7103,20106,2,0,
1,6221008,08:16:43,08:58:45,01/01/2024,01/01/2024,0,7103,20106,1,0,
1,6221008,08:59:18,09:15:56,01/01/2024,01/01/2024,1,7103,20106,2,8,5.0
1,6221008,08:59:18,09:15:56,01/01/2024,01/01/2024,1,7103,20106,3,0,
1,6221008,08:59:18,09:15:56,01/01/2024,01/01/2024,1,7103,20106,4,16,
1,6221029,09:17:25,09:49:30,01/01/2024,01/01/2024,1,7103,20106,9,0,
1,6221029,09:17:25,09:49:30,01/01/2024,01/01/2024,1,7103,20106,5,21,25.0
1,6221029,09:57:47,10:51:01,01/01/2024,01/01/2024,0,7103,20106,6,0,
1,6221029,09:57:47,10:51:01,01/01/2024,01/01/2024,0,7103,20106,7,29,75.0
1,6221029,09:57:47,10:51:01,01/01/2024,01/01/2024,0,7103,20106,5,20,
1,6221029,09:57:47,10:51:01,01/01/2024,01/01/2024,0,7103,20106,2,8,
1,6221029,10:52:14,11:41:06,01/01/2024,01/01/2024,1,7103,20106,7,28,
1,6221029,10:52:14,11:41:06,01/01/2024,01/01/2024,1,7103,20106,4,17,
1,6221029,10:52:14,11:41:06,01/01/2024,01/01/2024,1,7103,20106,1,4,
1,6221029,10:52:14,11:41:06,01/01/2024,01/01/2024,1,7103,20106,2,0,
1,6221029,11:42:10,12:19:02,01/01/2024,01/01/2024,0,7103,20106,2,8,5.0
1,6221029,11:42:10,12:19:02,01/01/2024,01/01/2024,0,7103,20106,1,4,
1,6221029,11:42:10,12:19:02,01/01/2024,01/01/2024,0,7103,20106,3,0,
1,6221029,12:37:09,13:25:30,01/01/2024,01/01/2024,1,7103,20106,2,0,
1,6221029,12:37:09,13:25:30,01/01/2024,01/01/2024,1,7103,20106,3,12,75.0
1,6221029,12:37:09,13:25:30,01/01/2024,01/01/2024,1,7103,20106,5,20,
1,6221029,13:27:04,14:08:36,01/01/2024,01/01/2024,0,7103,20106,7,28,
1,6221029,13:27:04,14:08:36,01/01/2024,01/01/2024,0,7103,20106,1,0,
1,6221029,13:27:04,14:08:36,01/01/2024,01/01/2024,0,7103,20106,4,17,
1,6221029,14:22:34,15:18:35,01/01/2024,01/01/2024,1,7103,20106,5,20,
1,6221029,14:22:34,15:18:35,01/01/2024,01/01/2024,1,7103,20106,1,4,
1,6221029,14:22:34,15:18:35,01/01/2024,01/01/2024,1,7103,20106,1,0,
1,6221029,14:22:34,15:18:35,01/01/2024,01/01/2024,1,7103,20106,1,0,
1,6221029,14:22:34,15:18:35,01/01/2024,01/01/2024,1,7103,20106,5,0,
1,6221029,14:22:34,15:18:35,01/01/2024,01/01/2024,1,7103,20106,1,0,
1,6221029,14:22:34,15:18:35,01/01/2024,01/01/2024,1,7103,20106,4,17,
1,6221029,15:20:32,15:54:56,01/01/2024,01/01/2024,0,7103,20106,4,0,
1,6221029,15:20:32,15:54:56,01/01/2024,01/01/2024,0,7103,20106,8,34,
1,6221029,15:20:32,15:54:56,01/01/2024,01/01/2024,0,7103,20106,8,32,
1,6221029,15:20:32,15:54:56,01/01/2024,01/01/2024,0,7103,20106,1,4,
1,6221029,15:20:32,15:54:56,01/01/2024,01/01/2024,0,7103,20106,1,0,
1,6221055,15:57:11,16:13:50,01/01/2024,01/01/2024,0,7103,20106,2,8,
1,6221055,16:13:54,17:04:45,01/01/2024,01/01/2024,1,7103,20106,4,16,
1,6221055,16:13:54,17:04:45,01/01/2024,01/01/2024,1,7103,20106,3,0,
1,6221055,16:13:54,17:04:45,01/01/2024,01/01/2024,1,7103,20106,1,0,
1,6221055,16:13:54,17:04:45,01/01/2024,01/01/2024,1,7103,20106,6,25,5.0
1,6221055,16:13:54,17:04:45,01/01/2024,01/01/2024,1,7103,20106,1,0,
1,6221055,17:20:23,18:10:55,01/01/2024,01/01/2024,0,7103,20106,1,0,
1,6221055,17:20:23,18:10:55,01/01/2024,01/01/2024,0,7103,20106,6,0,
1,6221055,17:20:23,18:10:55,01/01/2024,01/01/2024,0,7103,20106,13,55,25.0
1,6221055,17:20:23,18:10:55,01/01/2024,01/01/2024,0,7103,20106,4,16,
1,6221055,17:20:23,18:10:55,01/01/2024,01/01/2024,0,7103,20106,1,0,
1,6221055,17:20:23,18:10:55,01/01/2024,01/01/2024,0,7103,20106,3,12,
1,6221055,17:20:23,18:10:55,01/01/2024,01/01/2024,0,7103,20106,1,0,
1,6221055,18:10:58,19:02:41,01/01/2024,01/01/2024,1,7103,20106,7,28,
1,6221055,18:10:58,19:02:41,01/01/2024,01/01/2024,1,7103,20106,1,0,
1,6221055,18:10:58,19:02:41,01/01/2024,01/01/2024,1,7103,20106,4,16,
1,6221055,18:10:58,19:02:41,01/01/2024,01/01/2024,1,7103,20106,4,17,
1,6221055,19:06:37,19:54:26,01/01/2024,01/01/2024,0,7103,20106,1,0,
1,6221055,19:06:37,19:54:26,01/01/2024,01/01/2024,0,7103,20106,1,0,
1,6221055,19:06:37,19:54:26,01/01/2024,01/01/2024,0,7103,20106,3,12,
1,6221055,19:06:37,19:54:26,01/01/2024,01/01/2024,0,7103,20106,8,34,
1,6221055,19:54:29,20:40:09,01/01/2024,01/01/2024,1,7103,20106,3,12,
1,6221055,19:54:29,20:40:09,01/01/2024,01/01/2024,1,7103,20106,3,12,
1,6221055,19:54:29,20:40:09,01/01/2024,01/01/2024,1,7103,20106,1,0,
1,6221055,19:54:29,20:40:09,01/01/2024,01/01/2024,1,7103,20106,2,8,5.0
1,6221055,19:54:29,20:40:09,01/01/2024,01/01/2024,1,7103,20106,1,0,
1,6221055,20:40:55,21:33:05,01/01/2024,01/01/2024,0,7103,20106,4,17,
1,6221055,20:40:55,21:33:05,01/01/2024,01/01/2024,0,7103,20106,1,0,
1,6221055,20:40:55,21:33:05,01/01/2024,01/01/2024,0,7103,20106,1,0,
1,6221055,20:40:55,21:33:05,01/01/2024,01/01/2024,0,7103,20106,1,4,
1,6221055,21:33:08,22:15:53,01/01/2024,01/01/2024,1,7103,20106,1,4,
1,6221055,21:33:08,22:15:53,01/01/2024,01/01/2024,1,7103,20106,12,51,
1,6220879,06:56:46,07:53:47,01/01/2024,01/01/2024,0,4601,20107,2,8,
1,6220879,06:56:46,07:53:47,01/01/2024,01/01/2024,0,4601,20107,5,21,25.0
1,6220879,06:56:46,07:53:47,01/01/2024,01/01/2024,0,4601,20107,1,0,
1,6220879,07:53:49,08:59:09,01/01/2024,01/01/2024,1,4601,20107,4,0,
1,6220879,07:53:49,08:59:09,01/01/2024,01/01/2024,1,4601,20107,3,12,
1,6220879,07:53:49,08:59:09,01/01/2024,01/01/2024,1,4601,20107,2,0,
1,6220879,07:53:49,08:59:09,01/01/2024,01/01/2024,1,4601,20107,1,4,
1,6220879,07:53:49,08:59:09,01/01/2024,01/01/2024,1,4601,20107,5,21,25.0
1,6220879,08:59:12,09:21:47,01/01/2024,01/01/2024,0,4601,20107,2,8,
1,6220879,08:59:12,09:21:47,01/01/2024,01/01/2024,0,4601,20107,1,0,
1,6220896,09:24:18,09:54:32,01/01/2024,01/01/2024,1,4601,20107,1,0,
1,6220896,09:24:18,09:54:32,01/01/2024,01/01/2024,1,4601,20107,2,8,5.0
1,6220896,09:24:18,09:54:32,01/01/2024,01/01/2024,1,4601,20107,1,4,
1,6220896,09:24:18,09:54:32,01/01/2024,01/01/2024,1,4601,20107,1,0,
1,6220896,09:24:18,09:54:32,01/01/2024,01/01/2024,1,4601,20107,2,0,
1,6220896,09:54:35,10:51:13,01/01/2024,01/01/2024,0,4601,20107,4,16,
1,6220896,09:54:35,10:51:13,01/01/2024,01/01/2024,0,4601,20107,6,0,
1,6220896,09:54:35,10:51:13,01/01/2024,01/01/2024,0,4601,20107,1,4,25.0
1,6220896,09:54:35,10:51:13,01/01/2024,01/01/2024,0,4601,20107,1,4,
1,6220896,09:54:35,10:51:13,01/01/2024,01/01/2024,0,4601,20107,1,0,
1,6220896,11:03:56,12:01:26,01/01/2024,01/01/2024,1,4601,20107,1,4,
1,6220896,11:03:56,12:01:26,01/01/2024,01/01/2024,1,4601,20107,3,12,
1,6220896,11:03:56,12:01:26,01/01/2024,01/01/2024,1,4601,20107,6,25,5.0
1,6220896,11:03:56,12:01:26,01/01/2024,01/01/2024,1,4601,20107,1,0,
1,6220896,12:01:30,12:55:27,01/01/2024,01/01/2024,0,4601,20107,1,0,
1,6220896,12:01:30,12:55:27,01/01/2024,01/01/2024,0,4601,20107,2,8,5.0
1,6220896,12:01:30,12:55:27,01/01/2024,01/01/2024,0,4601,20107,3,12,
1,6220896,12:01:30,12:55:27,01/01/2024,01/01/2024,0,4601,20107,4,0,
1,6220896,13:09:06,14:04:00,01/01/2024,01/01/2024,1,4601,20107,2,8,
1,6220896,13:09:06,14:04:00,01/01/2024,01/01/2024,1,4601,20107,5,0,
1,6220896,13:09:06,14:04:00,01/01/2024,01/01/2024,1,4601,20107,3,12,75.0
1,6220896,13:09:06,14:04:00,01/01/2024,01/01/2024,1,4601,20107,5,20,
1,6220896,14:04:04,14:59:34,01/01/2024,01/01/2024,0,4601,20107,1,0,
1,6220896,14:04:04,14:59:34,01/01/2024,01/01/2024,0,4601,20107,2,8,
1,6220896,14:04:04,14:59:34,01/01/2024,01/01/2024,0,4601,20107,2,0,
1,6220896,14:04:04,14:59:34,01/01/2024,01/01/2024,0,4601,20107,1,4,25.0
1,6220896,14:04:04,14:59:34,01/01/2024,01/01/2024,0,4601,20107,3,12,
1,6220896,15:14:30,16:10:46,01/01/2024,01/01/2024,1,4601,20107,5,20,
1,6220896,15:14:30,16:10:46,01/01/2024,01/01/2024,1,4601,20107,3,0,
1,6220896,15:14:30,16:10:46,01/01/2024,01/01/2024,1,4601,20107,4,0,
1,6220896,15:14:30,16:10:46,01/01/2024,01/01/2024,1,4601,20107,4,17,
1,6220896,16:11:08,16:39:00,01/01/2024,01/01/2024,0,4601,20107,3,12,75.0
1,6220896,16:11:08,16:39:00,01/01/2024,01/01/2024,0,4601,20107,1,4,
1,6220896,16:11:08,16:39:00,01/01/2024,01/01/2024,0,4601,20107,2,8,
1,6220896,16:11:08,16:39:00,01/01/2024,01/01/2024,0,4601,20107,3,0,
1,6220923,16:41:17,17:16:21,01/01/2024,01/01/2024,1,4601,20107,1,4,25.0
1,6220923,16:41:17,17:16:21,01/01/2024,01/01/2024,1,4601,20107,2,8,
1,6220923,16:41:17,17:16:21,01/01/2024,01/01/2024,1,4601,20107,1,0,
1,6220923,17:19:07,18:25:05,01/01/2024,01/01/2024,0,4601,20107,3,12,
1,6220923,17:19:07,18:25:05,01/01/2024,01/01/2024,0,4601,20107,6,24,
1,6220923,17:19:07,18:25:05,01/01/2024,01/01/2024,0,4601,20107,5,21,25.0
1,6220923,17:19:07,18:25:05,01/01/2024,01/01/2024,0,4601,20107,1,0,
1,6220923,17:19:07,18:25:05,01/01/2024,01/01/2024,0,4601,20107,3,0,
1,6220923,18:29:18,19:39:55,01/01/2024,01/01/2024,1,4601,20107,2,0,
1,6220923,18:29:18,19:39:55,01/01/2024,01/01/2024,1,4601,20107,2,8,
1,6220923,18:29:18,19:39:55,01/01/2024,01/01/2024,1,4601,20107,1,0,
1,6220923,18:29:18,19:39:55,01/01/2024,01/01/2024,1,4601,20107,18,72,
1,6220923,18:29:18,19:39:55,01/01/2024,01/01/2024,1,4601,20107,6,25,5.0
1,6220923,18:29:18,19:39:55,01/01/2024,01/01/2024,1,4601,20107,7,0,
1,6220923,19:39:58,20:43:47,01/01/2024,01/01/2024,0,4601,20107,8,32,
1,6220923,19:39:58,20:43:47,01/01/2024,01/01/2024,0,4601,20107,3,0,
1,6220923,19:39:58,20:43:47,01/01/2024,01/01/2024,0,4601,20107,3,12,75.0
1,6220923,19:39:58,20:43:47,01/01/2024,01/01/2024,0,4601,20107,1,0,
1,6220923,19:39:58,20:43:47,01/01/2024,01/01/2024,0,4601,20107,1,0,
1,6220923,19:39:58,20:43:47,01/01/2024,01/01/2024,0,4601,20107,2,8,
1,6220923,20:43:50,21:35:02,01/01/2024,01/01/2024,1,4601,20107,2,8,
1,6220923,20:43:50,21:35:02,01/01/2024,01/01/2024,1,4601,20107,5,21,25.0
1,6220923,20:43:50,21:35:02,01/01/2024,01/01/2024,1,4601,20107,1,0,
1,6220923,21:35:06,22:26:58,01/01/2024,01/01/2024,0,4601,20107,2,8,
1,6220923,21:35:06,22:26:58,01/01/2024,01/01/2024,0,4601,20107,1,4,25.0
1,6220740,05:39:58,06:34:20,01/01/2024,01/01/2024,0,1702,20108,1,4,
1,6220740,05:39:58,06:34:20,01/01/2024,01/01/2024,0,1702,20108,2,0,
1,6220740,05:39:58,06:34:20,01/01/2024,01/01/2024,0,1702,20108,1,4,
1,6220740,05:39:58,06:34:20,01/01/2024,01/01/2024,0,1702,20108,5,21,25.0
1,6220740,06:34:23,07:21:19,01/01/2024,01/01/2024,1,1702,20108,9,36,
1,6220740,06:34:23,07:21:19,01/01/2024,01/01/2024,1,1702,20108,2,0,
1,6220740,06:34:23,07:21:19,01/01/2024,01/01/2024,1,1702,20108,2,0,
1,6220740,06:34:23,07:21:19,01/01/2024,01/01/2024,1,1702,20108,1,4,25.0
1,6220740,07:21:22,08:25:24,01/01/2024,01/01/2024,0,1702,20108,2,0,
1,6220740,07:21:22,08:25:24,01/01/2024,01/01/2024,0,1702,20108,6,25,5.0
1,6220740,07:21:22,08:25:24,01/01/2024,01/01/2024,0,1702,20108,6,24,
1,6220740,08:32:35,09:14:47,01/01/2024,01/01/2024,1,1702,20108,2,8,
1,6220740,08:32:35,09:14:47,01/01/2024,01/01/2024,1,1702,20108,1,4,
1,6220740,08:32:35,09:14:47,01/01/2024,01/01/2024,1,1702,20108,4,0,
1,6220740,08:32:35,09:14:47,01/01/2024,01/01/2024,1,1702,20108,3,12,75.0
1,6220740,09:14:51,10:19:18,01/01/2024,01/01/2024,0,1702,20108,3,12,75.0
1,6220740,09:14:51,10:19:18,01/01/2024,01/01/2024,0,1702,20108,7,0,
1,6220740,09:14:51,10:19:18,01/01/2024,01/01/2024,0,1702,20108,1,4,
1,6220740,09:14:51,10:19:18,01/01/2024,01/01/2024,0,1702,20108,1,4,
1,6220740,10:29:45,11:11:24,01/01/2024,01/01/2024,1,1702,20108,3,12,75.0
1,6220740,10:29:45,11:11:24,01/01/2024,01/01/2024,1,1702,20108,4,0,
1,6220740,10:29:45,11:11:24,01/01/2024,01/01/2024,1,1702,20108,1,4,
1,6220740,10:29:45,11:11:24,01/01/2024,01/01/2024,1,1702,20108,3,12,
1,6220740,11:11:27,12:15:39,01/01/2024,01/01/2024,0,1702,20108,5,21,25.0
1,6220740,11:11:27,12:15:39,01/01/2024,01/01/2024,0,1702,20108,1,0,
1,6220740,11:11:27,12:15:39,01/01/2024,01/01/2024,0,1702,20108,1,0,
1,6220740,11:11:27,12:15:39,01/01/2024,01/01/2024,0,1702,20108,7,0,
1,6220740,11:11:27,12:15:39,01/01/2024,01/01/2024,0,1702,20108,5,20,
1,6220740,12:15:43,12:41:22,01/01/2024,01/01/2024,1,1702,20108,1,4,
1,6220740,12:15:43,12:41:22,01/01/2024,01/01/2024,1,1702,20108,2,8,
1,6220740,12:15:43,12:41:22,01/01/2024,01/01/2024,1,1702,20108,5,0,
1,6220740,12:15:43,12:41:22,01/01/2024,01/01/2024,1,1702,20108,2,8,5.0
1,6220768,12:44:35,13:09:55,01/01/2024,01/01/2024,1,1702,20108,1,4,25.0
1,6220768,12:44:35,13:09:55,01/01/2024,01/01/2024,1,1702,20108,2,0,
1,6220768,13:10:03,14:11:24,01/01/2024,01/01/2024,0,1702,20108,1,0,
1,6220768,13:10:03,14:11:24,01/01/2024,01/01/2024,0,1702,20108,1,0,
1,6220768,13:10:03,14:11:24,01/01/2024,01/01/2024,0,1702,20108,1,0,
1,6220768,13:10:03,14:11:24,01/01/2024,01/01/2024,0,1702,20108,2,0,
1,6220768,14:23:54,15:09:49,01/01/2024,01/01/2024,1,1702,20108,10,0,
1,6220768,14:23:54,15:09:49,01/01/2024,01/01/2024,1,1702,20108,1,0,
1,6220768,14:23:54,15:09:49,01/01/2024,01/01/2024,1,1702,20108,9,36,
1,6220768,14:23:54,15:09:49,01/01/2024,01/01/2024,1,1702,20108,1,0,
1,6220768,14:23:54,15:09:49,01/01/2024,01/01/2024,1,1702,20108,1,0,
1,6220768,14:23:54,15:09:49,01/01/2024,01/01/2024,1,1702,20108,2,8,
1,6220768,14:23:54,15:09:49,01/01/2024,01/01/2024,1,1702,20108,6,25,5.0
1,6220768,15:09:52,15:53:08,01/01/2024,01/01/2024,0,1702,20108,3,12,
1,6220768,15:09:52,15:53:08,01/01/2024,01/01/2024,0,1702,20108,2,8,5.0
1,6220768,15:09:52,15:53:08,01/01/2024,01/01/2024,0,1702,20108,1,0,
1,6220768,15:09:52,15:53:08,01/01/2024,01/01/2024,0,1702,20108,4,16,
1,6220768,15:09:52,15:53:08,01/01/2024,01/01/2024,0,1702,20108,1,0,
1,6220790,15:54:27,16:18:29,01/01/2024,01/01/2024,0,1702,20108,1,4,25.0
1,6220790,15:54:27,16:18:29,01/01/2024,01/01/2024,0,1702,20108,2,8,
1,6220790,15:54:27,16:18:29,01/01/2024,01/01/2024,0,1702,20108,3,0,
1,6220790,16:23:44,17:08:00,01/01/2024,01/01/2024,1,1702,20108,3,12,
1,6220790,16:23:44,17:08:00,01/01/2024,01/01/2024,1,1702,20108,4,17,
1,6220790,16:23:44,17:08:00,01/01/2024,01/01/2024,1,1702,20108,4,16,
1,6220790,16:23:44,17:08:00,01/01/2024,01/01/2024,1,1702,20108,1,0,
1,6220790,16:23:44,17:08:00,01/01/2024,01/01/2024,1,1702,20108,1,0,
1,6220790,16:23:44,17:08:00,01/01/2024,01/01/2024,1,1702,20108,2,0,
1,6220790,17:08:21,18:10:34,01/01/2024,01/01/2024,0,1702,20108,3,12,
1,6220790,17:08:21,18:10:34,01/01/2024,01/01/2024,0,1702,20108,1,0,
1,6220790,17:08:21,18:10:34,01/01/2024,01/01/2024,0,1702,20108,8,0,
1,6220790,17:08:21,18:10:34,01/01/2024,01/01/2024,0,1702,20108,4,16,
1,6220790,17:08:21,18:10:34,01/01/2024,01/01/2024,0,1702,20108,6,25,5.0
1,6220790,17:08:21,18:10:34,01/01/2024,01/01/2024,0,1702,20108,1,0,
1,6220790,18:28:59,19:18:00,01/01/2024,01/01/2024,1,1702,20108,1,0,
1,6220790,18:28:59,19:18:00,01/01/2024,01/01/2024,1,1702,20108,7,29,75.0
1,6220790,18:28:59,19:18:00,01/01/2024,01/01/2024,1,1702,20108,5,20,
1,6220790,18:28:59,19:18:00,01/01/2024,01/01/2024,1,1702,20108,1,0,
1,6220790,18:28:59,19:18:00,01/01/2024,01/01/2024,1,1702,20108,2,0,
1,6220790,18:28:59,19:18:00,01/01/2024,01/01/2024,1,1702,20108,1,0,
1,6220790,19:18:03,20:19:13,01/01/2024,01/01/2024,0,1702,20108,2,8,5.0
1,6220790,19:18:03,20:19:13,01/01/2024,01/01/2024,0,1702,20108,5,0,
1,6220790,19:18:03,20:19:13,01/01/2024,01/01/2024,0,1702,20108,6,24,
1,6220790,19:18:03,20:19:13,01/01/2024,01/01/2024,0,1702,20108,1,0,
1,6220790,19:18:03,20:19:13,01/01/2024,01/01/2024,0,1702,20108,1,0,
1,6220790,20:33:41,21:17:54,01/01/2024,01/01/2024,1,1702,20108,5,20,
1,6220790,20:33:41,21:17:54,01/01/2024,01/01/2024,1,1702,20108,5,21,25.0
1,6220790,20:33:41,21:17:54,01/01/2024,01/01/2024,1,1702,20108,1,0,
1,6220790,20:33:41,21:17:54,01/01/2024,01/01/2024,1,1702,20108,1,0,
1,6220790,20:33:41,21:17:54,01/01/2024,01/01/2024,1,1702,20108,1,0,
1,6220790,20:33:41,21:17:54,01/01/2024,01/01/2024,1,1702,20108,1,0,
1,6220790,20:33:41,21:17:54,01/01/2024,01/01/2024,1,1702,20108,1,4,
1,6220790,21:18:08,22:13:30,01/01/2024,01/01/2024,0,1702,20108,5,21,25.0
1,6220790,21:18:08,22:13:30,01/01/2024,01/01/2024,0,1702,20108,1,4,
1,6220539,05:30:27,06:14:21,01/01/2024,01/01/2024,1,1702,20110,4,0,
1,6220539,05:30:27,06:14:21,01/01/2024,01/01/2024,1,1702,20110,1,0,
1,6220539,05:30:27,06:14:21,01/01/2024,01/01/2024,1,1702,20110,2,0,
1,6220539,05:30:27,06:14:21,01/01/2024,01/01/2024,1,1702,20110,6,24,
1,6220539,06:14:24,07:15:59,01/01/2024,01/01/2024,0,1702,20110,10,40,
1,6220539,06:14:24,07:15:59,01/01/2024,01/01/2024,0,1702,20110,4,17,
1,6220539,06:14:24,07:15:59,01/01/2024,01/01/2024,0,1702,20110,1,0,
1,6220539,06:14:24,07:15:59,01/01/2024,01/01/2024,0,1702,20110,1,0,
1,6220539,07:16:02,08:00:42,01/01/2024,01/01/2024,1,1702,20110,1,4,25.0
1,6220539,07:16:02,08:00:42,01/01/2024,01/01/2024,1,1702,20110,1,0,
1,6220539,07:16:02,08:00:42,01/01/2024,01/01/2024,1,1702,20110,6,0,
1,6220539,07:16:02,08:00:42,01/01/2024,01/01/2024,1,1702,20110,4,16,
1,6220539,07:16:02,08:00:42,01/01/2024,01/01/2024,1,1702,20110,3,12,
1,6220539,07:16:02,08:00:42,01/01/2024,01/01/2024,1,1702,20110,1,0,
1,6220539,08:00:46,09:01:54,01/01/2024,01/01/2024,0,1702,20110,6,25,5.0
1,6220539,08:00:46,09:01:54,01/01/2024,01/01/2024,0,1702,20110,7,0,
1,6220539,08:00:46,09:01:54,01/01/2024,01/01/2024,0,1702,20110,3,12,
1,6220539,09:16:23,10:02:03,01/01/2024,01/01/2024,1,1702,20110,12,0,
1,6220539,09:16:23,10:02:03,01/01/2024,01/01/2024,1,1702,20110,2,8,5.0
1,6220539,09:16:23,10:02:03,01/01/2024,01/01/2024,1,1702,20110,1,4,
1,6220539,10:02:06,10:58:46,01/01/2024,01/01/2024,0,1702,20110,6,0,
1,6220539,10:02:06,10:58:46,01/01/2024,01/01/2024,0,1702,20110,1,0,
1,6220539,10:02:06,10:58:46,01/01/2024,01/01/2024,0,1702,20110,1,4,25.0
1,6220539,10:02:06,10:58:46,01/01/2024,01/01/2024,0,1702,20110,1,4,
1,6220539,10:02:06,10:58:46,01/01/2024,01/01/2024,0,1702,20110,2,8,
1,6220539,10:58:51,11:44:31,01/01/2024,01/01/2024,1,1702,20110,2,0,
1,6220539,10:58:51,11:44:31,01/01/2024,01/01/2024,1,1702,20110,4,17,
1,6220539,10:58:51,11:44:31,01/01/2024,01/01/2024,1,1702,20110,2,8,
1,6220539,11:45:04,12:19:32,01/01/2024,01/01/2024,0,1702,20110,1,4,25.0
1,6220539,11:45:04,12:19:32,01/01/2024,01/01/2024,0,1702,20110,2,0,
1,6220539,11:45:04,12:19:32,01/01/2024,01/01/2024,0,1702,20110,1,4,
1,6220565,12:22:05,12:54:55,01/01/2024,01/01/2024,0,1702,20110,1,0,
1,6220565,12:22:05,12:54:55,01/01/2024,01/01/2024,0,1702,20110,3,12,75.0
1,6220565,13:02:59,13:49:55,01/01/2024,01/01/2024,1,1702,20110,5,0,
1,6220565,13:02:59,13:49:55,01/01/2024,01/01/2024,1,1702,20110,1,4,25.0
1,6220565,13:02:59,13:49:55,01/01/2024,01/01/2024,1,1702,20110,4,16,
1,6220565,13:02:59,13:49:55,01/01/2024,01/01/2024,1,1702,20110,2,8,
1,6220565,13:52:07,15:00:10,01/01/2024,01/01/2024,0,1702,20110,5,20,
1,6220565,13:52:07,15:00:10,01/01/2024,01/01/2024,0,1702,20110,4,0,
1,6220565,13:52:07,15:00:10,01/01/2024,01/01/2024,0,1702,20110,7,29,75.0
1,6220565,15:03:47,15:47:09,01/01/2024,01/01/2024,1,1702,20110,4,16,
1,6220565,15:03:47,15:47:09,01/01/2024,01/01/2024,1,1702,20110,2,0,
1,6220565,15:03:47,15:47:09,01/01/2024,01/01/2024,1,1702,20110,6,25,5.0
1,6220565,15:03:47,15:47:09,01/01/2024,01/01/2024,1,1702,20110,1,0,
1,6220565,15:03:47,15:47:09,01/01/2024,01/01/2024,1,1702,20110,1,0,
1,6220565,15:03:47,15:47:09,01/01/2024,01/01/2024,1,1702,20110,1,4,
1,6220565,15:03:47,15:47:09,01/01/2024,01/01/2024,1,1702,20110,1,0,
1,6220565,15:47:13,16:47:23,01/01/2024,01/01/2024,0,1702,20110,1,4,
1,6220565,15:47:13,16:47:23,01/01/2024,01/01/2024,0,1702,20110,2,0,
1,6220565,15:47:13,16:47:23,01/01/2024,01/01/2024,0,1702,20110,1,0,
1,6220565,15:47:13,16:47:23,01/01/2024,01/01/2024,0,1702,20110,1,4,25.0
1,6220565,16:53:51,17:40:25,01/01/2024,01/01/2024,1,1702,20110,5,20,
1,6220565,16:53:51,17:40:25,01/01/2024,01/01/2024,1,1702,20110,1,0,
1,6220565,16:53:51,17:40:25,01/01/2024,01/01/2024,1,1702,20110,4,17,
1,6220565,16:53:51,17:40:25,01/01/2024,01/01/2024,1,1702,20110,6,0,
1,6220565,17:41:48,18:54:40,01/01/2024,01/01/2024,0,1702,20110,4,17,
1,6220565,17:41:48,18:54:40,01/01/2024,01/01/2024,0,1702,20110,11,44,
1,6220565,17:41:48,18:54:40,01/01/2024,01/01/2024,0,1702,20110,4,16,
1,6220565,17:41:48,18:54:40,01/01/2024,01/01/2024,0,1702,20110,1,0,
1,6220565,17:41:48,18:54:40,01/01/2024,01/01/2024,0,1702,20110,1,0,
1,6220565,18:54:44,19:44:06,01/01/2024,01/01/2024,1,1702,20110,1,0,
1,6220565,18:54:44,19:44:06,01/01/2024,01/01/2024,1,1702,20110,1,0,
1,6220565,18:54:44,19:44:06,01/01/2024,01/01/2024,1,1702,20110,8,32,
1,6220565,18:54:44,19:44:06,01/01/2024,01/01/2024,1,1702,20110,4,17,
1,6220565,18:54:44,19:44:06,01/01/2024,01/01/2024,1,1702,20110,1,0,
1,6220565,19:44:09,20:46:45,01/01/2024,01/01/2024,0,1702,20110,2,8,
1,6220565,19:44:09,20:46:45,01/01/2024,01/01/2024,0,1702,20110,3,12,75.0
1,6221081,05:27:06,06:07:53,01/01/2024,01/01/2024,0,5802,20119,8,32,
1,6221081,05:27:06,06:07:53,01/01/2024,01/01/2024,0,5802,20119,1,0,
1,6221081,05:27:06,06:07:53,01/01/2024,01/01/2024,0,5802,20119,3,0,
1,6221081,05:27:06,06:07:53,01/01/2024,01/01/2024,0,5802,20119,2,8,
1,6221081,05:27:06,06:07:53,01/01/2024,01/01/2024,0,5802,20119,3,12,75.0
1,6221081,06:07:58,06:39:02,01/01/2024,01/01/2024,1,5802,20119,2,8,
1,6221081,06:42:50,07:26:34,01/01/2024,01/01/2024,0,5802,20119,2,8,5.0
1,6221081,06:42:50,07:26:34,01/01/2024,01/01/2024,0,5802,20119,1,0,
1,6221081,06:42:50,07:26:34,01/01/2024,01/01/2024,0,5802,20119,8,32,
1,6221081,06:42:50,07:26:34,01/01/2024,01/01/2024,0,5802,20119,4,0,
1,6221081,06:42:50,07:26:34,01/01/2024,01/01/2024,0,5802,20119,1,0,
1,6221081,06:42:50,07:26:34,01/01/2024,01/01/2024,0,5802,20119,4,16,
1,6221081,07:26:37,07:59:16,01/01/2024,01/01/2024,1,5802,20119,1,4,25.0
1,6221081,07:26:37,07:59:16,01/01/2024,01/01/2024,1,5802,20119,2,0,
1,6221081,07:26:37,07:59:16,01/01/2024,01/01/2024,1,5802,20119,2,8,
1,6221081,07:59:19,08:40:43,01/01/2024,01/01/2024,0,5802,20119,5,0,
1,6221081,07:59:19,08:40:43,01/01/2024,01/01/2024,0,5802,20119,5,20,
1,6221081,07:59:19,08:40:43,01/01/2024,01/01/2024,0,5802,20119,1,0,
1,6221081,07:59:19,08:40:43,01/01/2024,01/01/2024,0,5802,20119,3,12,75.0
1,6221081,08:43:46,09:21:16,01/01/2024,01/01/2024,1,5802,20119,1,0,
1,6221081,08:43:46,09:21:16,01/01/2024,01/01/2024,1,5802,20119,1,4,
1,6221081,08:43:46,09:21:16,01/01/2024,01/01/2024,1,5802,20119,2,0,
1,6221081,08:43:46,09:21:16,01/01/2024,01/01/2024,1,5802,20119,2,8,5.0
1,6221081,08:43:46,09:21:16,01/01/2024,01/01/2024,1,5802,20119,6,0,
1,6221081,09:22:39,10:03:41,01/01/2024,01/01/2024,0,5802,20119,3,0,
1,6221081,09:22:39,10:03:41,01/01/2024,01/01/2024,0,5802,20119,1,4,25.0
1,6221081,09:22:39,10:03:41,01/01/2024,01/01/2024,0,5802,20119,1,4,
1,6221081,10:27:03,11:07:25,01/01/2024,01/01/2024,1,5802,20119,3,12,75.0
1,6221081,10:27:03,11:07:25,01/01/2024,01/01/2024,1,5802,20119,1,4,
1,6221081,10:27:03,11:07:25,01/01/2024,01/01/2024,1,5802,20119,2,0,
1,6221081,10:27:03,11:07:25,01/01/2024,01/01/2024,1,5802,20119,1,0,
1,6221081,11:12:04,11:56:41,01/01/2024,01/01/2024,0,5802,20119,3,0,
1,6221081,11:12:04,11:56:41,01/01/2024,01/01/2024,0,5802,20119,2,8,
1,6221081,11:56:49,12:16:08,01/01/2024,01/01/2024,1,5802,20119,1,0,
1,6221081,11:56:49,12:16:08,01/01/2024,01/01/2024,1,5802,20119,1,0,
1,6221081,11:56:49,12:16:08,01/01/2024,01/01/2024,1,5802,20119,1,4,
1,6221081,11:56:49,12:16:08,01/01/2024,01/01/2024,1,5802,20119,1,0,
1,6221112,12:18:37,12:44:11,01/01/2024,01/01/2024,1,5802,20119,4,0,
1,6221112,12:44:15,13:35:34,01/01/2024,01/01/2024,0,5802,20119,1,0,
1,6221112,12:44:15,13:35:34,01/01/2024,01/01/2024,0,5802,20119,12,48,
1,6221112,12:44:15,13:35:34,01/01/2024,01/01/2024,0,5802,20119,1,4,
1,6221112,12:44:15,13:35:34,01/01/2024,01/01/2024,0,5802,20119,1,4,25.0
1,6221112,12:44:15,13:35:34,01/01/2024,01/01/2024,0,5802,20119,1,0,
1,6221112,12:44:15,13:35:34,01/01/2024,01/01/2024,0,5802,20119,1,0,
1,6221112,12:44:15,13:35:34,01/01/2024,01/01/2024,0,5802,20119,1,0,
1,6221112,13:35:37,14:11:46,01/01/2024,01/01/2024,1,5802,20119,3,0,
1,6221112,13:35:37,14:11:46,01/01/2024,01/01/2024,1,5802,20119,5,20,
1,6221112,14:11:49,15:00:43,01/01/2024,01/01/2024,0,5802,20119,6,24,
1,6221112,14:11:49,15:00:43,01/01/2024,01/01/2024,0,5802,20119,4,0,
1,6221112,14:11:49,15:00:43,01/01/2024,01/01/2024,0,5802,20119,4,17,
1,6221112,15:00:47,15:43:52,01/01/2024,01/01/2024,1,5802,20119,5,20,
1,6221112,15:00:47,15:43:52,01/01/2024,01/01/2024,1,5802,20119,3,12,
1,6221112,15:00:47,15:43:52,01/01/2024,01/01/2024,1,5802,20119,2,0,
1,6221112,15:00:47,15:43:52,01/01/2024,01/01/2024,1,5802,20119,4,0,
1,6221112,15:00:47,15:43:52,01/01/2024,01/01/2024,1,5802,20119,1,0,
1,6221112,15:00:47,15:43:52,01/01/2024,01/01/2024,1,5802,20119,1,0,
1,6221112,15:00:47,15:43:52,01/01/2024,01/01/2024,1,5802,20119,1,0,
1,6221112,15:43:56,16:27:14,01/01/2024,01/01/2024,0,5802,20119,1,0,
1,6221112,15:43:56,16:27:14,01/01/2024,01/01/2024,0,5802,20119,1,0,
1,6221112,16:27:17,16:44:31,01/01/2024,01/01/2024,1,5802,20119,2,0,
1,6221112,16:27:17,16:44:31,01/01/2024,01/01/2024,1,5802,20119,2,8,5.0
1,6221112,16:27:17,16:44:31,01/01/2024,01/01/2024,1,5802,20119,7,28,
1,6221136,16:46:03,17:12:27,01/01/2024,01/01/2024,1,5802,20119,1,4,
1,6221136,16:46:03,17:12:27,01/01/2024,01/01/2024,1,5802,20119,1,0,
1,6221136,16:46:03,17:12:27,01/01/2024,01/01/2024,1,5802,20119,1,4,25.0
1,6221136,16:46:03,17:12:27,01/01/2024,01/01/2024,1,5802,20119,4,0,
1,6221136,17:13:07,17:55:43,01/01/2024,01/01/2024,0,5802,20119,6,24,
1,6221136,17:13:07,17:55:43,01/01/2024,01/01/2024,0,5802,20119,5,20,
1,6221136,17:13:07,17:55:43,01/01/2024,01/01/2024,0,5802,20119,1,0,
1,6221136,17:13:07,17:55:43,01/01/2024,01/01/2024,0,5802,20119,2,0,
1,6221136,17:58:30,18:34:29,01/01/2024,01/01/2024,1,5802,20119,3,12,75.0
1,6221136,17:58:30,18:34:29,01/01/2024,01/01/2024,1,5802,20119,4,0,
1,6221136,17:58:30,18:34:29,01/01/2024,01/01/2024,1,5802,20119,4,16,
1,6221136,17:58:30,18:34:29,01/01/2024,01/01/2024,1,5802,20119,2,8,
1,6221136,18:42:31,19:33:23,01/01/2024,01/01/2024,0,5802,20119,2,8,
1,6221136,18:42:31,19:33:23,01/01/2024,01/01/2024,0,5802,20119,1,0,
1,6221136,18:42:31,19:33:23,01/01/2024,01/01/2024,0,5802,20119,1,4,25.0
1,6221136,18:42:31,19:33:23,01/01/2024,01/01/2024,0,5802,20119,4,0,
1,6221136,19:35:11,20:16:08,01/01/2024,01/01/2024,1,5802,20119,1,4,
1,6221136,19:35:11,20:16:08,01/01/2024,01/01/2024,1,5802,20119,1,0,
1,6221136,19:35:11,20:16:08,01/01/2024,01/01/2024,1,5802,20119,6,24,
1,6221136,19:35:11,20:16:08,01/01/2024,01/01/2024,1,5802,20119,1,0,
1,6221136,20:25:34,20:57:28,01/01/2024,01/01/2024,0,5802,20119,1,0,
1,6221136,20:25:34,20:57:28,01/01/2024,01/01/2024,0,5802,20119,1,4,
1,6221136,21:02:58,21:38:27,01/01/2024,01/01/2024,1,5802,20119,2,8,5.0
1,6221136,21:02:58,21:38:27,01/01/2024,01/01/2024,1,5802,20119,4,16,
2,6220701,13:20:18,13:59:53,01/01/2024,01/01/2024,1,6202,15252,3,12,
2,6220701,13:20:18,13:59:53,01/01/2024,01/01/2024,1,6202,15252,1,4,25.0
2,6220701,13:20:18,13:59:53,01/01/2024,01/01/2024,1,6202,15252,1,4,
2,6220701,13:20:18,13:59:53,01/01/2024,01/01/2024,1,6202,15252,2,0,
2,6220701,14:00:15,14:46:06,01/01/2024,01/01/2024,0,6202,15252,2,8,5.0
2,6220701,14:00:15,14:46:06,01/01/2024,01/01/2024,0,6202,15252,1,0,
2,6220701,14:00:15,14:46:06,01/01/2024,01/01/2024,0,6202,15252,1,4,
2,6220701,14:00:15,14:46:06,01/01/2024,01/01/2024,0,6202,15252,1,4,
2,6220701,14:00:15,14:46:06,01/01/2024,01/01/2024,0,6202,15252,1,0,
2,6220701,14:00:15,14:46:06,01/01/2024,01/01/2024,0,6202,15252,1,0,
2,6220701,15:00:05,15:46:12,01/01/2024,01/01/2024,1,6202,15252,1,0,
2,6220701,15:00:05,15:46:12,01/01/2024,01/01/2024,1,6202,15252,3,0,
2,6220701,15:00:05,15:46:12,01/01/2024,01/01/2024,1,6202,15252,9,38,25.0
2,6220701,15:00:05,15:46:12,01/01/2024,01/01/2024,1,6202,15252,1,0,
2,6220701,16:00:05,16:47:11,01/01/2024,01/01/2024,0,6202,15252,1,4,
2,6220701,16:00:05,16:47:11,01/01/2024,01/01/2024,0,6202,15252,3,12,75.0
2,6220701,16:00:05,16:47:11,01/01/2024,01/01/2024,0,6202,15252,1,0,
2,6220701,16:00:05,16:47:11,01/01/2024,01/01/2024,0,6202,15252,2,8,
2,6220701,16:00:05,16:47:11,01/01/2024,01/01/2024,0,6202,15252,1,0,
2,6220701,17:00:05,17:48:12,01/01/2024,01/01/2024,1,6202,15252,4,17,
2,6220701,17:00:05,17:48:12,01/01/2024,01/01/2024,1,6202,15252,4,16,
2,6220701,17:00:05,17:48:12,01/01/2024,01/01/2024,1,6202,15252,2,0,
2,6220701,17:00:05,17:48:12,01/01/2024,01/01/2024,1,6202,15252,1,0,
2,6220701,18:00:04,18:48:01,01/01/2024,01/01/2024,0,6202,15252,2,8,
2,6220701,18:00:04,18:48:01,01/01/2024,01/01/2024,0,6202,15252,1,0,
2,6220701,18:00:04,18:48:01,01/01/2024,01/01/2024,0,6202,15252,1,0,
2,6220701,18:00:04,18:48:01,01/01/2024,01/01/2024,0,6202,15252,2,8,
2,6220701,19:00:08,19:44:45,01/01/2024,01/01/2024,1,6202,15252,2,8,
2,6220701,19:00:08,19:44:45,01/01/2024,01/01/2024,1,6202,15252,2,8,5.0
2,6220701,19:00:08,19:44:45,01/01/2024,01/01/2024,1,6202,15252,1,0,
2,6220701,19:00:08,19:44:45,01/01/2024,01/01/2024,1,6202,15252,1,0,
2,6220701,19:00:08,19:44:45,01/01/2024,01/01/2024,1,6202,15252,1,0,
2,6220701,19:50:08,20:38:20,01/01/2024,01/01/2024,0,6202,15252,1,0,
2,6220701,20:40:08,21:19:31,01/01/2024,01/01/2024,1,6202,15252,1,4,25.0
2,6220701,21:30:04,22:18:16,01/01/2024,01/01/2024,0,6202,15252,1,4,25.0
2,6220701,21:30:04,22:18:16,01/01/2024,01/01/2024,0,6202,15252,1,0,
2,6219278,05:09:19,05:12:53,01/01/2024,01/01/2024,0,4603,16255,1,4,25.0
2,6219278,05:09:19,05:12:53,01/01/2024,01/01/2024,0,4603,16255,1,4,
2,6219278,05:13:04,06:05:19,01/01/2024,01/01/2024,0,4603,16255,4,17,
2,6219278,05:13:04,06:05:19,01/01/2024,01/01/2024,0,4603,16255,1,4,
2,6219278,05:13:04,06:05:19,01/01/2024,01/01/2024,0,4603,16255,1,4,
2,6219278,05:13:04,06:05:19,01/01/2024,01/01/2024,0,4603,16255,1,0,
2,6220945,05:13:36,05:57:34,01/01/2024,01/01/2024,1,4603,16255,2,8,5.0
2,6220945,05:13:36,05:57:34,01/01/2024,01/01/2024,1,4603,16255,3,12,
2,6220945,06:01:15,06:47:33,01/01/2024,01/01/2024,0,4603,16255,3,12,
2,6220945,06:01:15,06:47:33,01/01/2024,01/01/2024,0,4603,16255,2,0,
2,6220945,06:01:15,06:47:33,01/01/2024,01/01/2024,0,4603,16255,15,60,
2,6220945,06:01:15,06:47:33,01/01/2024,01/01/2024,0,4603,16255,4,17,
2,6219278,06:05:24,06:46:45,01/01/2024,01/01/2024,1,4603,16255,4,16,
2,6219278,06:05:24,06:46:45,01/01/2024,01/01/2024,1,4603,16255,5,21,25.0
2,6219278,06:05:24,06:46:45,01/01/2024,01/01/2024,1,4603,16255,1,0,
2,6220945,07:00:18,07:53:59,01/01/2024,01/01/2024,1,4603,16255,7,28,
2,6220945,07:00:18,07:53:59,01/01/2024,01/01/2024,1,4603,16255,4,17,
2,6220945,07:00:18,07:53:59,01/01/2024,01/01/2024,1,4603,16255,3,12,
2,6220945,07:00:18,07:53:59,01/01/2024,01/01/2024,1,4603,16255,2,0,
2,6220945,07:00:18,07:53:59,01/01/2024,01/01/2024,1,4603,16255,1,0,
2,6220945,08:00:32,08:57:46,01/01/2024,01/01/2024,0,4603,16255,2,8,
2,6220945,08:00:32,08:57:46,01/01/2024,01/01/2024,0,4603,16255,3,12,
2,6220945,08:00:32,08:57:46,01/01/2024,01/01/2024,0,4603,16255,2,0,
2,6220945,08:00:32,08:57:46,01/01/2024,01/01/2024,0,4603,16255,3,12,75.0
2,6220945,08:00:32,08:57:46,01/01/2024,01/01/2024,0,4603,16255,1,0,
2,6220945,09:01:20,09:49:50,01/01/2024,01/01/2024,1,4603,16255,2,0,
2,6220945,09:01:20,09:49:50,01/01/2024,01/01/2024,1,4603,16255,1,0,
2,6220945,09:01:20,09:49:50,01/01/2024,01/01/2024,1,4603,16255,1,4,
2,6220945,09:01:20,09:49:50,01/01/2024,01/01/2024,1,4603,16255,2,8,5.0
2,6220945,09:01:20,09:49:50,01/01/2024,01/01/2024,1,4603,16255,1,0,
2,6220945,10:00:13,10:49:03,01/01/2024,01/01/2024,0,4603,16255,2,8,5.0
2,6220945,10:00:13,10:49:03,01/01/2024,01/01/2024,0,4603,16255,3,0,
2,6220945,10:00:13,10:49:03,01/01/2024,01/01/2024,0,4603,16255,1,4,
2,6220945,11:00:27,11:50:58,01/01/2024,01/01/2024,1,4603,16255,1,4,25.0
2,6220945,11:00:27,11:50:58,01/01/2024,01/01/2024,1,4603,16255,2,8,
2,6220945,11:00:27,11:50:58,01/01/2024,01/01/2024,1,4603,16255,3,0,
2,6220945,11:59:38,12:48:16,01/01/2024,01/01/2024,0,4603,16255,3,12,75.0
2,6220945,11:59:38,12:48:16,01/01/2024,01/01/2024,0,4603,16255,1,0,
2,6220945,11:59:38,12:48:16,01/01/2024,01/01/2024,0,4603,16255,3,12,
2,6220945,13:00:10,13:25:33,01/01/2024,01/01/2024,1,4603,16255,1,0,
2,6220945,13:00:10,13:25:33,01/01/2024,01/01/2024,1,4603,16255,1,4,
2,6220945,13:00:10,13:25:33,01/01/2024,01/01/2024,1,4603,16255,1,4,
2,6220978,13:29:09,13:55:41,01/01/2024,01/01/2024,1,4603,16255,1,4,
2,6220978,13:58:16,14:45:49,01/01/2024,01/01/2024,0,4603,16255,4,16,
2,6220978,13:58:16,14:45:49,01/01/2024,01/01/2024,0,4603,16255,3,0,
2,6220978,13:58:16,14:45:49,01/01/2024,01/01/2024,0,4603,16255,1,4,25.0
2,6220978,14:58:12,15:52:06,01/01/2024,01/01/2024,1,4603,16255,2,8,
2,6220978,14:58:12,15:52:06,01/01/2024,01/01/2024,1,4603,16255,2,0,
2,6220978,14:58:12,15:52:06,01/01/2024,01/01/2024,1,4603,16255,1,4,25.0
2,6220978,14:58:12,15:52:06,01/01/2024,01/01/2024,1,4603,16255,2,0,
2,6220978,14:58:12,15:52:06,01/01/2024,01/01/2024,1,4603,16255,1,4,
2,6220978,14:58:12,15:52:06,01/01/2024,01/01/2024,1,4603,16255,1,0,
2,6220978,15:59:14,16:49:39,01/01/2024,01/01/2024,0,4603,16255,7,0,
2,6220978,15:59:14,16:49:39,01/01/2024,01/01/2024,0,4603,16255,1,4,
2,6220978,15:59:14,16:49:39,01/01/2024,01/01/2024,0,4603,16255,1,4,25.0
2,6220978,15:59:14,16:49:39,01/01/2024,01/01/2024,0,4603,16255,1,4,
2,6220978,17:00:51,17:53:59,01/01/2024,01/01/2024,1,4603,16255,1,0,
2,6220978,17:00:51,17:53:59,01/01/2024,01/01/2024,1,4603,16255,1,0,
2,6220978,17:00:51,17:53:59,01/01/2024,01/01/2024,1,4603,16255,4,16,
2,6220978,17:00:51,17:53:59,01/01/2024,01/01/2024,1,4603,16255,2,8,5.0
2,6220978,17:00:51,17:53:59,01/01/2024,01/01/2024,1,4603,16255,1,4,
2,6220978,17:00:51,17:53:59,01/01/2024,01/01/2024,1,4603,16255,1,0,
2,6220978,17:00:51,17:53:59,01/01/2024,01/01/2024,1,4603,16255,1,0,
2,6220978,17:59:14,18:52:44,01/01/2024,01/01/2024,0,4603,16255,3,12,
2,6220978,17:59:14,18:52:44,01/01/2024,01/01/2024,0,4603,16255,6,25,5.0
2,6220978,17:59:14,18:52:44,01/01/2024,01/01/2024,0,4603,16255,3,12,
2,6220978,17:59:14,18:52:44,01/01/2024,01/01/2024,0,4603,16255,1,0,
2,6220978,17:59:14,18:52:44,01/01/2024,01/01/2024,0,4603,16255,1,0,
2,6220978,17:59:14,18:52:44,01/01/2024,01/01/2024,0,4603,16255,4,0,
2,6220978,18:58:05,19:54:20,01/01/2024,01/01/2024,1,4603,16255,14,56,
2,6220978,18:58:05,19:54:20,01/01/2024,01/01/2024,1,4603,16255,2,0,
2,6220978,18:58:05,19:54:20,01/01/2024,01/01/2024,1,4603,16255,5,21,25.0
2,6220978,18:58:05,19:54:20,01/01/2024,01/01/2024,1,4603,16255,1,4,
2,6220978,19:58:23,20:42:41,01/01/2024,01/01/2024,0,4603,16255,3,12,
2,6220978,19:58:23,20:42:41,01/01/2024,01/01/2024,0,4603,16255,1,4,
2,6220978,20:57:36,21:43:51,01/01/2024,01/01/2024,1,4603,16255,4,16,
2,6220978,20:57:36,21:43:51,01/01/2024,01/01/2024,1,4603,16255,1,4,
2,6220383,05:02:20,05:35:23,01/01/2024,01/01/2024,0,2202,16257,3,12,75.0
2,6220383,05:02:20,05:35:23,01/01/2024,01/01/2024,0,2202,16257,9,36,
2,6220383,06:01:05,06:32:37,01/01/2024,01/01/2024,1,2202,16257,1,4,25.0
2,6220383,06:01:05,06:32:37,01/01/2024,01/01/2024,1,2202,16257,1,4,
2,6220383,06:01:05,06:32:37,01/01/2024,01/01/2024,1,2202,16257,1,0,
2,6220383,06:01:05,06:32:37,01/01/2024,01/01/2024,1,2202,16257,1,4,
2,6220383,06:40:11,07:14:19,01/01/2024,01/01/2024,0,2202,16257,2,0,
2,6220383,06:40:11,07:14:19,01/01/2024,01/01/2024,0,2202,16257,4,16,
2,6220383,07:20:22,07:57:36,01/01/2024,01/01/2024,1,2202,16257,1,0,
2,6220383,07:20:22,07:57:36,01/01/2024,01/01/2024,1,2202,16257,2,0,
2,6220383,07:20:22,07:57:36,01/01/2024,01/01/2024,1,2202,16257,5,20,
2,6220383,07:20:22,07:57:36,01/01/2024,01/01/2024,1,2202,16257,4,17,
2,6220383,07:20:22,07:57:36,01/01/2024,01/01/2024,1,2202,16257,2,0,
2,6220383,08:10:38,08:41:29,01/01/2024,01/01/2024,0,2202,16257,2,8,5.0
2,6220383,08:10:38,08:41:29,01/01/2024,01/01/2024,0,2202,16257,2,0,
2,6220383,08:10:38,08:41:29,01/01/2024,01/01/2024,0,2202,16257,3,12,
2,6220383,08:10:38,08:41:29,01/01/2024,01/01/2024,0,2202,16257,1,4,
2,6220383,08:10:38,08:41:29,01/01/2024,01/01/2024,0,2202,16257,1,0,
2,6220383,08:50:38,09:23:28,01/01/2024,01/01/2024,1,2202,16257,3,12,75.0
2,6220383,08:50:38,09:23:28,01/01/2024,01/01/2024,1,2202,16257,2,8,
2,6220383,08:50:38,09:23:28,01/01/2024,01/01/2024,1,2202,16257,1,0,
2,6220383,08:50:38,09:23:28,01/01/2024,01/01/2024,1,2202,16257,1,0,
2,6220383,09:40:52,10:10:53,01/01/2024,01/01/2024,0,2202,16257,1,0,
2,6220383,09:40:52,10:10:53,01/01/2024,01/01/2024,0,2202,16257,1,0,
2,6220383,09:40:52,10:10:53,01/01/2024,01/01/2024,0,2202,16257,2,8,
2,6220383,09:40:52,10:10:53,01/01/2024,01/01/2024,0,2202,16257,2,8,5.0
2,6220383,10:20:31,10:55:50,01/01/2024,01/01/2024,1,2202,16257,1,4,
2,6220383,10:20:31,10:55:50,01/01/2024,01/01/2024,1,2202,16257,3,0,
2,6220383,10:20:31,10:55:50,01/01/2024,01/01/2024,1,2202,16257,1,4,25.0
2,6220383,11:10:14,11:41:22,01/01/2024,01/01/2024,0,2202,16257,3,12,
2,6220383,11:10:14,11:41:22,01/01/2024,01/01/2024,0,2202,16257,4,17,
2,6220383,11:10:14,11:41:22,01/01/2024,01/01/2024,0,2202,16257,2,0,
2,6220383,11:10:14,11:41:22,01/01/2024,01/01/2024,0,2202,16257,1,0,
2,6220383,11:50:11,12:24:31,01/01/2024,01/01/2024,1,2202,16257,2,0,
2,6220383,11:50:11,12:24:31,01/01/2024,01/01/2024,1,2202,16257,1,0,
2,6220383,11:50:11,12:24:31,01/01/2024,01/01/2024,1,2202,16257,1,0,
2,6220383,11:50:11,12:24:31,01/01/2024,01/01/2024,1,2202,16257,1,0,
2,6220383,11:50:11,12:24:31,01/01/2024,01/01/2024,1,2202,16257,1,0,
2,6220383,11:50:11,12:24:31,01/01/2024,01/01/2024,1,2202,16257,1,4,25.0
2,6220383,12:40:23,13:10:21,01/01/2024,01/01/2024,0,2202,16257,2,8,5.0
2,6220383,12:40:23,13:10:21,01/01/2024,01/01/2024,0,2202,16257,4,16,
2,6220383,12:40:23,13:10:21,01/01/2024,01/01/2024,0,2202,16257,2,0,
2,6220383,12:40:23,13:10:21,01/01/2024,01/01/2024,0,2202,16257,1,0,
2,6220383,13:20:26,13:40:10,01/01/2024,01/01/2024,1,2202,16257,1,4,
2,6220383,13:20:26,13:40:10,01/01/2024,01/01/2024,1,2202,16257,1,0,
2,6220383,13:20:26,13:40:10,01/01/2024,01/01/2024,1,2202,16257,4,16,
2,6220383,13:20:26,13:40:10,01/01/2024,01/01/2024,1,2202,16257,1,0,
2,6221162,14:10:23,14:41:10,01/01/2024,01/01/2024,0,2202,16257,2,8,5.0
2,6221162,14:10:23,14:41:10,01/01/2024,01/01/2024,0,2202,16257,1,4,
2,6221162,14:50:05,15:27:27,01/01/2024,01/01/2024,1,2202,16257,2,0,
2,6221162,14:50:05,15:27:27,01/01/2024,01/01/2024,1,2202,16257,2,0,
2,6221162,14:50:05,15:27:27,01/01/2024,01/01/2024,1,2202,16257,1,4,
2,6221162,14:50:05,15:27:27,01/01/2024,01/01/2024,1,2202,16257,1,4,
2,6221162,14:50:05,15:27:27,01/01/2024,01/01/2024,1,2202,16257,9,38,25.0
2,6221162,14:50:05,15:27:27,01/01/2024,01/01/2024,1,2202,16257,2,0,
2,6221162,15:40:10,16:10:15,01/01/2024,01/01/2024,0,2202,16257,1,0,
2,6221162,15:40:10,16:10:15,01/01/2024,01/01/2024,0,2202,16257,2,8,
2,6221162,15:40:10,16:10:15,01/01/2024,01/01/2024,0,2202,16257,2,8,5.0
2,6221162,16:20:14,16:52:36,01/01/2024,01/01/2024,1,2202,16257,2,8,5.0
2,6221162,16:20:14,16:52:36,01/01/2024,01/01/2024,1,2202,16257,2,0,
2,6221162,16:20:14,16:52:36,01/01/2024,01/01/2024,1,2202,16257,2,8,
2,6221162,17:10:04,17:42:23,01/01/2024,01/01/2024,0,2202,16257,1,4,
2,6221162,17:10:04,17:42:23,01/01/2024,01/01/2024,0,2202,16257,2,0,
2,6221162,17:10:04,17:42:23,01/01/2024,01/01/2024,0,2202,16257,5,21,25.0
2,6221162,17:50:04,18:25:51,01/01/2024,01/01/2024,1,2202,16257,4,17,
2,6221162,17:50:04,18:25:51,01/01/2024,01/01/2024,1,2202,16257,2,8,
2,6221162,17:50:04,18:25:51,01/01/2024,01/01/2024,1,2202,16257,1,0,
2,6221162,17:50:04,18:25:51,01/01/2024,01/01/2024,1,2202,16257,2,8,
2,6221162,18:40:04,19:11:01,01/01/2024,01/01/2024,0,2202,16257,1,4,25.0
2,6221162,19:20:07,19:56:02,01/01/2024,01/01/2024,1,2202,16257,5,20,
2,6221162,19:20:07,19:56:02,01/01/2024,01/01/2024,1,2202,16257,1,0,
2,6221162,19:20:07,19:56:02,01/01/2024,01/01/2024,1,2202,16257,2,0,
2,6221162,19:20:07,19:56:02,01/01/2024,01/01/2024,1,2202,16257,1,4,25.0
2,6221162,19:20:07,19:56:02,01/01/2024,01/01/2024,1,2202,16257,1,4,
2,6221162,19:20:07,19:56:02,01/01/2024,01/01/2024,1,2202,16257,1,0,
2,6221162,20:10:04,20:40:40,01/01/2024,01/01/2024,0,2202,16257,2,0,
2,6221162,20:10:04,20:40:40,01/01/2024,01/01/2024,0,2202,16257,1,4,25.0
2,6221162,20:50:19,21:28:03,01/01/2024,01/01/2024,1,2202,16257,1,0,
2,6221162,20:50:19,21:28:03,01/01/2024,01/01/2024,1,2202,16257,2,8,
2,6221162,20:50:19,21:28:03,01/01/2024,01/01/2024,1,2202,16257,4,17,
2,6221162,20:50:19,21:28:03,01/01/2024,01/01/2024,1,2202,16257,4,16,
2,6221162,22:20:26,22:50:53,01/01/2024,01/01/2024,1,2202,16257,1,4,
2,6221162,22:20:26,22:50:53,01/01/2024,01/01/2024,1,2202,16257,1,4,25.0
2,6220595,04:51:00,05:55:56,01/01/2024,01/01/2024,0,4603,16258,3,12,
2,6220595,04:51:00,05:55:56,01/01/2024,01/01/2024,0,4603,16258,1,4,25.0
2,6220595,04:51:00,05:55:56,01/01/2024,01/01/2024,0,4603,16258,2,8,
2,6219197,05:10:06,05:54:00,01/01/2024,01/01/2024,1,4603,16258,4,17,
2,6219197,05:10:06,05:54:00,01/01/2024,01/01/2024,1,4603,16258,2,0,
2,6220595,05:58:17,06:57:31,01/01/2024,01/01/2024,1,4603,16258,1,4,
2,6220595,05:58:17,06:57:31,01/01/2024,01/01/2024,1,4603,16258,5,21,25.0
2,6220595,05:58:17,06:57:31,01/01/2024,01/01/2024,1,4603,16258,3,12,
2,6220595,05:58:17,06:57:31,01/01/2024,01/01/2024,1,4603,16258,3,0,
2,6220595,05:58:17,06:57:31,01/01/2024,01/01/2024,1,4603,16258,1,0,
2,6219197,06:00:03,06:20:35,01/01/2024,01/01/2024,0,4603,16258,11,46,75.0
2,6219197,06:00:03,06:20:35,01/01/2024,01/01/2024,0,4603,16258,1,4,
2,6219197,06:00:03,06:20:35,01/01/2024,01/01/2024,0,4603,16258,1,4,
2,6220595,06:58:05,07:58:11,01/01/2024,01/01/2024,0,4603,16258,2,0,
2,6220595,06:58:05,07:58:11,01/01/2024,01/01/2024,0,4603,16258,1,0,
2,6220595,06:58:05,07:58:11,01/01/2024,01/01/2024,0,4603,16258,7,28,
2,6220595,06:58:05,07:58:11,01/01/2024,01/01/2024,0,4603,16258,10,40,
2,6220595,06:58:05,07:58:11,01/01/2024,01/01/2024,0,4603,16258,6,25,5.0
2,6220595,07:59:09,08:57:01,01/01/2024,01/01/2024,1,4603,16258,3,12,
2,6220595,07:59:09,08:57:01,01/01/2024,01/01/2024,1,4603,16258,1,0,
2,6220595,07:59:09,08:57:01,01/01/2024,01/01/2024,1,4603,16258,2,8,
2,6220595,07:59:09,08:57:01,01/01/2024,01/01/2024,1,4603,16258,1,4,25.0
2,6220595,07:59:09,08:57:01,01/01/2024,01/01/2024,1,4603,16258,3,0,
2,6220595,08:59:05,09:57:20,01/01/2024,01/01/2024,0,4603,16258,4,17,
2,6220595,08:59:05,09:57:20,01/01/2024,01/01/2024,0,4603,16258,10,0,
2,6220595,08:59:05,09:57:20,01/01/2024,01/01/2024,0,4603,16258,1,0,
2,6220595,08:59:05,09:57:20,01/01/2024,01/01/2024,0,4603,16258,6,24,
2,6220595,08:59:05,09:57:20,01/01/2024,01/01/2024,0,4603,16258,1,4,
2,6220595,09:58:17,10:55:02,01/01/2024,01/01/2024,1,4603,16258,2,8,5.0
2,6220595,09:58:17,10:55:02,01/01/2024,01/01/2024,1,4603,16258,1,4,
2,6220595,09:58:17,10:55:02,01/01/2024,01/01/2024,1,4603,16258,5,0,
2,6220595,10:58:49,11:55:08,01/01/2024,01/01/2024,0,4603,16258,1,0,
2,6220595,10:58:49,11:55:08,01/01/2024,01/01/2024,0,4603,16258,4,0,
2,6220595,10:58:49,11:55:08,01/01/2024,01/01/2024,0,4603,16258,9,38,25.0
2,6220595,10:58:49,11:55:08,01/01/2024,01/01/2024,0,4603,16258,5,20,
2,6220595,11:58:09,12:58:47,01/01/2024,01/01/2024,1,4603,16258,5,20,
2,6220595,11:58:09,12:58:47,01/01/2024,01/01/2024,1,4603,16258,1,0,
2,6220595,11:58:09,12:58:47,01/01/2024,01/01/2024,1,4603,16258,1,0,
2,6220595,11:58:09,12:58:47,01/01/2024,01/01/2024,1,4603,16258,4,17,
2,6220595,11:58:09,12:58:47,01/01/2024,01/01/2024,1,4603,16258,1,0,
2,6220595,11:58:09,12:58:47,01/01/2024,01/01/2024,1,4603,16258,5,0,
2,6220595,12:58:50,13:22:37,01/01/2024,01/01/2024,0,4603,16258,2,0,
2,6220595,12:58:50,13:22:37,01/01/2024,01/01/2024,0,4603,16258,2,8,
2,6220595,12:58:50,13:22:37,01/01/2024,01/01/2024,0,4603,16258,7,28,
2,6220623,13:26:04,13:55:08,01/01/2024,01/01/2024,0,4603,16258,1,4,25.0
2,6220623,13:26:04,13:55:08,01/01/2024,01/01/2024,0,4603,16258,1,0,
2,6220623,13:26:04,13:55:08,01/01/2024,01/01/2024,0,4603,16258,1,0,
2,6220623,13:26:04,13:55:08,01/01/2024,01/01/2024,0,4603,16258,5,20,
2,6220623,13:58:04,14:45:57,01/01/2024,01/01/2024,1,4603,16258,2,0,
2,6220623,13:58:04,14:45:57,01/01/2024,01/01/2024,1,4603,16258,1,0,
2,6220623,13:58:04,14:45:57,01/01/2024,01/01/2024,1,4603,16258,10,40,
2,6220623,13:58:04,14:45:57,01/01/2024,01/01/2024,1,4603,16258,4,17,
2,6220623,14:58:05,15:43:31,01/01/2024,01/01/2024,0,4603,16258,3,12,75.0
2,6220623,14:58:05,15:43:31,01/01/2024,01/01/2024,0,4603,16258,8,0,
2,6220623,14:58:05,15:43:31,01/01/2024,01/01/2024,0,4603,16258,3,12,
2,6220623,14:58:05,15:43:31,01/01/2024,01/01/2024,0,4603,16258,1,0,
2,6220623,15:59:05,16:51:53,01/01/2024,01/01/2024,1,4603,16258,3,0,
2,6220623,15:59:05,16:51:53,01/01/2024,01/01/2024,1,4603,16258,5,20,
2,6220623,15:59:05,16:51:53,01/01/2024,01/01/2024,1,4603,16258,2,8,
2,6220623,15:59:05,16:51:53,01/01/2024,01/01/2024,1,4603,16258,8,34,
2,6220623,15:59:05,16:51:53,01/01/2024,01/01/2024,1,4603,16258,1,0,
2,6220623,15:59:05,16:51:53,01/01/2024,01/01/2024,1,4603,16258,4,0,
2,6220623,16:59:03,17:46:59,01/01/2024,01/01/2024,0,4603,16258,5,21,25.0
2,6220623,16:59:03,17:46:59,01/01/2024,01/01/2024,0,4603,16258,4,16,
2,6220623,16:59:03,17:46:59,01/01/2024,01/01/2024,0,4603,16258,1,0,
2,6220623,17:59:05,18:50:23,01/01/2024,01/01/2024,1,4603,16258,2,8,
2,6220623,17:59:05,18:50:23,01/01/2024,01/01/2024,1,4603,16258,5,0,
2,6220623,17:59:05,18:50:23,01/01/2024,01/01/2024,1,4603,16258,5,21,25.0
2,6220623,17:59:05,18:50:23,01/01/2024,01/01/2024,1,4603,16258,1,4,
2,6220623,17:59:05,18:50:23,01/01/2024,01/01/2024,1,4603,16258,1,0,
2,6220623,18:58:55,19:45:17,01/01/2024,01/01/2024,0,4603,16258,5,20,
2,6220623,18:58:55,19:45:17,01/01/2024,01/01/2024,0,4603,16258,2,0,
2,6220623,18:58:55,19:45:17,01/01/2024,01/01/2024,0,4603,16258,6,25,5.0
2,6220623,18:58:55,19:45:17,01/01/2024,01/01/2024,0,4603,16258,2,0,
2,6220623,19:59:17,20:51:47,01/01/2024,01/01/2024,1,4603,16258,5,21,25.0
2,6220623,19:59:17,20:51:47,01/01/2024,01/01/2024,1,4603,16258,7,28,
2,6220623,19:59:17,20:51:47,01/01/2024,01/01/2024,1,4603,16258,1,0,
2,6220623,19:59:17,20:51:47,01/01/2024,01/01/2024,1,4603,16258,1,4,
2,6220623,20:59:06,21:46:07,01/01/2024,01/01/2024,0,4603,16258,4,17,
2,6220623,20:59:06,21:46:07,01/01/2024,01/01/2024,0,4603,16258,1,0,
2,6220418,05:08:06,05:42:50,01/01/2024,01/01/2024,1,6202,16259,1,4,
2,6220418,05:08:06,05:42:50,01/01/2024,01/01/2024,1,6202,16259,1,4,
2,6220418,05:58:25,06:47:14,01/01/2024,01/01/2024,0,6202,16259,2,8,5.0
2,6220418,05:58:25,06:47:14,01/01/2024,01/01/2024,0,6202,16259,3,12,
2,6220418,06:59:12,07:49:15,01/01/2024,01/01/2024,1,6202,16259,11,44,
2,6220418,06:59:12,07:49:15,01/01/2024,01/01/2024,1,6202,16259,5,0,
2,6220418,06:59:12,07:49:15,01/01/2024,01/01/2024,1,6202,16259,7,28,
2,6220418,06:59:12,07:49:15,01/01/2024,01/01/2024,1,6202,16259,1,4,25.0
2,6220418,08:00:19,08:41:49,01/01/2024,01/01/2024,0,6202,16259,1,0,
2,6220418,08:00:19,08:41:49,01/01/2024,01/01/2024,0,6202,16259,2,8,5.0
2,6220418,08:59:41,09:42:41,01/01/2024,01/01/2024,1,6202,16259,4,17,
2,6220418,08:59:41,09:42:41,01/01/2024,01/01/2024,1,6202,16259,1,4,
2,6220418,08:59:41,09:42:41,01/01/2024,01/01/2024,1,6202,16259,1,4,
2,6220418,08:59:41,09:42:41,01/01/2024,01/01/2024,1,6202,16259,3,0,
2,6220418,10:00:16,10:43:45,01/01/2024,01/01/2024,0,6202,16259,1,4,25.0
2,6220418,10:00:16,10:43:45,01/01/2024,01/01/2024,0,6202,16259,4,0,
2,6220418,10:00:16,10:43:45,01/01/2024,01/01/2024,0,6202,16259,1,0,
2,6220418,10:00:16,10:43:45,01/01/2024,01/01/2024,0,6202,16259,1,0,
2,6220418,10:58:33,11:38:20,01/01/2024,01/01/2024,1,6202,16259,1,4,
2,6220418,10:58:33,11:38:20,01/01/2024,01/01/2024,1,6202,16259,1,0,
2,6220418,10:58:33,11:38:20,01/01/2024,01/01/2024,1,6202,16259,1,0,
2,6220418,10:58:33,11:38:20,01/01/2024,01/01/2024,1,6202,16259,7,29,75.0
2,6220418,10:58:33,11:38:20,01/01/2024,01/01/2024,1,6202,16259,3,12,
2,6220418,10:58:33,11:38:20,01/01/2024,01/01/2024,1,6202,16259,6,0,
2,6220418,11:59:03,12:46:34,01/01/2024,01/01/2024,0,6202,16259,4,17,
2,6220418,11:59:03,12:46:34,01/01/2024,01/01/2024,0,6202,16259,1,0,
2,6220814,05:12:19,05:46:09,01/01/2024,01/01/2024,0,2601,16262,1,4,25.0
2,6220814,05:12:19,05:46:09,01/01/2024,01/01/2024,0,2601,16262,2,8,
2,6219316,05:24:43,06:13:30,01/01/2024,01/01/2024,1,2601,16262,1,0,
2,6220814,05:59:05,06:38:55,01/01/2024,01/01/2024,1,2601,16262,2,0,
2,6220814,05:59:05,06:38:55,01/01/2024,01/01/2024,1,2601,16262,2,8,
2,6220814,05:59:05,06:38:55,01/01/2024,01/01/2024,1,2601,16262,6,24,
2,6220814,05:59:05,06:38:55,01/01/2024,01/01/2024,1,2601,16262,5,21,25.0
2,6220814,05:59:05,06:38:55,01/01/2024,01/01/2024,1,2601,16262,1,0,
2,6219316,06:13:33,07:04:58,01/01/2024,01/01/2024,0,2601,16262,4,16,
2,6219316,06:13:33,07:04:58,01/01/2024,01/01/2024,0,2601,16262,5,20,
2,6219316,06:13:33,07:04:58,01/01/2024,01/01/2024,0,2601,16262,2,0,
2,6219316,06:13:33,07:04:58,01/01/2024,01/01/2024,0,2601,16262,6,0,
2,6219316,06:13:33,07:04:58,01/01/2024,01/01/2024,0,2601,16262,5,21,25.0
2,6219316,06:13:33,07:04:58,01/01/2024,01/01/2024,0,2601,16262,1,0,
2,6220814,06:49:21,07:28:44,01/01/2024,01/01/2024,0,2601,16262,7,28,
2,6220814,06:49:21,07:28:44,01/01/2024,01/01/2024,0,2601,16262,2,0,
2,6220814,07:40:22,08:21:26,01/01/2024,01/01/2024,1,2601,16262,4,0,
2,6220814,07:40:22,08:21:26,01/01/2024,01/01/2024,1,2601,16262,6,25,5.0
2,6220814,07:40:22,08:21:26,01/01/2024,01/01/2024,1,2601,16262,4,16,
2,6220814,07:40:22,08:21:26,01/01/2024,01/01/2024,1,2601,16262,2,8,
2,6220814,08:29:12,09:03:20,01/01/2024,01/01/2024,0,2601,16262,1,0,
2,6220814,08:29:12,09:03:20,01/01/2024,01/01/2024,0,2601,16262,1,4,
2,6220814,08:29:12,09:03:20,01/01/2024,01/01/2024,0,2601,16262,3,0,
2,6220814,08:29:12,09:03:20,01/01/2024,01/01/2024,0,2601,16262,1,4,25.0
2,6220814,09:19:06,09:58:04,01/01/2024,01/01/2024,1,2601,16262,1,4,25.0
2,6220814,09:19:06,09:58:04,01/01/2024,01/01/2024,1,2601,16262,1,4,
2,6220814,09:19:06,09:58:04,01/01/2024,01/01/2024,1,2601,16262,2,8,
2,6220814,09:19:06,09:58:04,01/01/2024,01/01/2024,1,2601,16262,6,0,
2,6220814,10:09:09,10:51:41,01/01/2024,01/01/2024,0,2601,16262,9,0,
2,6220814,10:09:09,10:51:41,01/01/2024,01/01/2024,0,2601,16262,1,4,
2,6220814,10:09:09,10:51:41,01/01/2024,01/01/2024,0,2601,16262,1,0,
2,6220814,10:09:09,10:51:41,01/01/2024,01/01/2024,0,2601,16262,1,4,25.0
2,6220814,11:00:37,11:41:22,01/01/2024,01/01/2024,1,2601,16262,6,24,
2,6220814,11:00:37,11:41:22,01/01/2024,01/01/2024,1,2601,16262,1,0,
2,6220814,11:00:37,11:41:22,01/01/2024,01/01/2024,1,2601,16262,4,0,
2,6220814,11:00:37,11:41:22,01/01/2024,01/01/2024,1,2601,16262,1,4,25.0
2,6220814,11:00:37,11:41:22,01/01/2024,01/01/2024,1,2601,16262,1,0,
2,6220814,11:49:47,12:33:20,01/01/2024,01/01/2024,0,2601,16262,2,8,
2,6220814,11:49:47,12:33:20,01/01/2024,01/01/2024,0,2601,16262,7,0,
2,6220814,11:49:47,12:33:20,01/01/2024,01/01/2024,0,2601,16262,7,29,75.0
2,6220814,11:49:47,12:33:20,01/01/2024,01/01/2024,0,2601,16262,1,4,
2,6220814,11:49:47,12:33:20,01/01/2024,01/01/2024,0,2601,16262,1,0,
2,6220814,11:49:47,12:33:20,01/01/2024,01/01/2024,0,2601,16262,1,0,
2,6220814,11:49:47,12:33:20,01/01/2024,01/01/2024,0,2601,16262,1,0,
2,6220814,12:39:15,13:20:04,01/01/2024,01/01/2024,1,2601,16262,4,16,
2,6220814,12:39:15,13:20:04,01/01/2024,01/01/2024,1,2601,16262,1,4,
2,6220814,12:39:15,13:20:04,01/01/2024,01/01/2024,1,2601,16262,2,0,
2,6220814,13:29:09,13:48:37,01/01/2024,01/01/2024,0,2601,16262,1,4,25.0
2,6220847,13:51:06,14:18:13,01/01/2024,01/01/2024,0,2601,16262,2,8,5.0
2,6220847,13:51:06,14:18:13,01/01/2024,01/01/2024,0,2601,16262,1,4,
2,6220847,14:20:38,15:03:38,01/01/2024,01/01/2024,1,2601,16262,9,36,
2,6220847,14:20:38,15:03:38,01/01/2024,01/01/2024,1,2601,16262,2,8,
2,6220847,14:20:38,15:03:38,01/01/2024,01/01/2024,1,2601,16262,2,0,
2,6220847,14:20:38,15:03:38,01/01/2024,01/01/2024,1,2601,16262,1,0,
2,6220847,14:20:38,15:03:38,01/01/2024,01/01/2024,1,2601,16262,2,8,5.0
2,6220847,14:20:38,15:03:38,01/01/2024,01/01/2024,1,2601,16262,2,0,
2,6220847,15:11:38,15:50:20,01/01/2024,01/01/2024,0,2601,16262,4,16,
2,6220847,15:11:38,15:50:20,01/01/2024,01/01/2024,0,2601,16262,3,12,75.0
2,6220847,15:11:38,15:50:20,01/01/2024,01/01/2024,0,2601,16262,1,0,
2,6220847,15:11:38,15:50:20,01/01/2024,01/01/2024,0,2601,16262,4,0,
2,6220847,15:11:38,15:50:20,01/01/2024,01/01/2024,0,2601,16262,1,4,
2,6220847,16:00:45,16:41:28,01/01/2024,01/01/2024,1,2601,16262,6,0,
2,6220847,16:00:45,16:41:28,01/01/2024,01/01/2024,1,2601,16262,2,8,
2,6220847,16:00:45,16:41:28,01/01/2024,01/01/2024,1,2601,16262,1,4,25.0
2,6220847,16:00:45,16:41:28,01/01/2024,01/01/2024,1,2601,16262,1,0,
2,6220847,16:50:34,17:27:57,01/01/2024,01/01/2024,0,2601,16262,1,4,
2,6220847,16:50:34,17:27:57,01/01/2024,01/01/2024,0,2601,16262,5,20,
2,6220847,16:50:34,17:27:57,01/01/2024,01/01/2024,0,2601,16262,2,0,
2,6220847,16:50:34,17:27:57,01/01/2024,01/01/2024,0,2601,16262,5,21,25.0
2,6220847,17:40:07,18:26:04,01/01/2024,01/01/2024,1,2601,16262,8,34,
2,6220847,17:40:07,18:26:04,01/01/2024,01/01/2024,1,2601,16262,7,28,
2,6220847,17:40:07,18:26:04,01/01/2024,01/01/2024,1,2601,16262,4,0,
2,6220847,17:40:07,18:26:04,01/01/2024,01/01/2024,1,2601,16262,1,0,
2,6220847,17:40:07,18:26:04,01/01/2024,01/01/2024,1,2601,16262,1,4,
2,6220847,18:30:23,19:10:42,01/01/2024,01/01/2024,0,2601,16262,2,8,
2,6220847,18:30:23,19:10:42,01/01/2024,01/01/2024,0,2601,16262,2,8,5.0
2,6220847,18:30:23,19:10:42,01/01/2024,01/01/2024,0,2601,16262,2,0,
2,6220847,18:30:23,19:10:42,01/01/2024,01/01/2024,0,2601,16262,1,4,
2,6220847,19:20:47,20:02:47,01/01/2024,01/01/2024,1,2601,16262,1,0,
2,6220847,19:20:47,20:02:47,01/01/2024,01/01/2024,1,2601,16262,1,0,
2,6220847,19:20:47,20:02:47,01/01/2024,01/01/2024,1,2601,16262,3,12,75.0
2,6220847,19:20:47,20:02:47,01/01/2024,01/01/2024,1,2601,16262,1,0,
2,6220847,19:20:47,20:02:47,01/01/2024,01/01/2024,1,2601,16262,1,4,
2,6220847,19:20:47,20:02:47,01/01/2024,01/01/2024,1,2601,16262,1,0,
2,6220847,19:20:47,20:02:47,01/01/2024,01/01/2024,1,2601,16262,1,0,
2,6220847,20:10:23,20:49:33,01/01/2024,01/01/2024,0,2601,16262,2,8,
2,6220847,20:10:23,20:49:33,01/01/2024,01/01/2024,0,2601,16262,2,8,5.0
2,6220847,20:10:23,20:49:33,01/01/2024,01/01/2024,0,2601,16262,1,0,
2,6220847,21:00:40,21:38:26,01/01/2024,01/01/2024,1,2601,16262,2,8,5.0
2,6220847,21:00:40,21:38:26,01/01/2024,01/01/2024,1,2601,16262,2,0,
2,6220847,21:50:15,22:21:45,01/01/2024,01/01/2024,0,2601,16262,2,8,
2,6220847,21:50:15,22:21:45,01/01/2024,01/01/2024,0,2601,16262,1,4,25.0
2,6219262,05:10:05,06:02:24,01/01/2024,01/01/2024,1,6202,16266,7,29,75.0
2,6219262,05:10:05,06:02:24,01/01/2024,01/01/2024,1,6202,16266,2,0,
2,6219262,05:10:05,06:02:24,01/01/2024,01/01/2024,1,6202,16266,2,8,
2,6219262,05:10:05,06:02:24,01/01/2024,01/01/2024,1,6202,16266,1,0,
2,6219262,05:10:05,06:02:24,01/01/2024,01/01/2024,1,6202,16266,1,0,
2,6219262,05:10:05,06:02:24,01/01/2024,01/01/2024,1,6202,16266,1,4,
2,6219262,06:02:28,06:38:39,01/01/2024,01/01/2024,0,6202,16266,2,0,
2,6219262,06:02:28,06:38:39,01/01/2024,01/01/2024,0,6202,16266,2,8,
2,6219262,06:02:28,06:38:39,01/01/2024,01/01/2024,0,6202,16266,2,8,5.0
2,6219262,06:02:28,06:38:39,01/01/2024,01/01/2024,0,6202,16266,1,0,
2,6219138,05:06:06,05:12:15,01/01/2024,01/01/2024,0,2202,16267,1,4,25.0
2,6219154,05:13:21,05:46:37,01/01/2024,01/01/2024,0,2202,16267,2,0,
2,6219154,05:13:21,05:46:37,01/01/2024,01/01/2024,0,2202,16267,1,4,25.0
2,6219154,05:59:05,06:16:58,01/01/2024,01/01/2024,1,2202,16267,1,0,
2,6220651,05:09:37,06:19:53,01/01/2024,01/01/2024,1,2603,17268,1,4,
2,6220651,05:09:37,06:19:53,01/01/2024,01/01/2024,1,2603,17268,6,24,
2,6220651,05:09:37,06:19:53,01/01/2024,01/01/2024,1,2603,17268,3,12,75.0
2,6220651,06:20:09,07:36:06,01/01/2024,01/01/2024,0,2603,17268,1,0,
2,6220651,06:20:09,07:36:06,01/01/2024,01/01/2024,0,2603,17268,2,0,
2,6220651,06:20:09,07:36:06,01/01/2024,01/01/2024,0,2603,17268,13,52,
2,6220651,06:20:09,07:36:06,01/01/2024,01/01/2024,0,2603,17268,1,0,
2,6220651,06:20:09,07:36:06,01/01/2024,01/01/2024,0,2603,17268,6,24,
2,6220651,06:20:09,07:36:06,01/01/2024,01/01/2024,0,2603,17268,9,38,25.0
2,6220651,07:50:06,08:50:14,01/01/2024,01/01/2024,1,2603,17268,2,8,
2,6220651,07:50:06,08:50:14,01/01/2024,01/01/2024,1,2603,17268,5,21,25.0
2,6220651,07:50:06,08:50:14,01/01/2024,01/01/2024,1,2603,17268,2,0,
2,6220651,07:50:06,08:50:14,01/01/2024,01/01/2024,1,2603,17268,2,0,
2,6220651,07:50:06,08:50:14,01/01/2024,01/01/2024,1,2603,17268,1,0,
2,6220651,07:50:06,08:50:14,01/01/2024,01/01/2024,1,2603,17268,3,12,
2,6220651,09:09:42,10:11:19,01/01/2024,01/01/2024,0,2603,17268,5,21,25.0
2,6220651,09:09:42,10:11:19,01/01/2024,01/01/2024,0,2603,17268,7,0,
2,6220651,09:09:42,10:11:19,01/01/2024,01/01/2024,0,2603,17268,1,4,
2,6220651,09:09:42,10:11:19,01/01/2024,01/01/2024,0,2603,17268,4,16,
2,6220651,09:09:42,10:11:19,01/01/2024,01/01/2024,0,2603,17268,1,0,
2,6220651,10:30:34,11:43:50,01/01/2024,01/01/2024,1,2603,17268,6,0,
2,6220651,10:30:34,11:43:50,01/01/2024,01/01/2024,1,2603,17268,7,29,75.0
2,6220651,10:30:34,11:43:50,01/01/2024,01/01/2024,1,2603,17268,1,4,
2,6220651,11:59:06,13:12:15,01/01/2024,01/01/2024,0,2603,17268,1,4,
2,6220651,11:59:06,13:12:15,01/01/2024,01/01/2024,0,2603,17268,1,0,
2,6220651,11:59:06,13:12:15,01/01/2024,01/01/2024,0,2603,17268,6,24,
2,6220651,11:59:06,13:12:15,01/01/2024,01/01/2024,0,2603,17268,7,29,75.0
2,6220651,11:59:06,13:12:15,01/01/2024,01/01/2024,0,2603,17268,5,0,
2,6220651,13:30:27,14:19:53,01/01/2024,01/01/2024,1,2603,17268,1,0,
2,6220651,13:30:27,14:19:53,01/01/2024,01/01/2024,1,2603,17268,1,0,
2,6220651,13:30:27,14:19:53,01/01/2024,01/01/2024,1,2603,17268,6,24,
2,6220651,13:30:27,14:19:53,01/01/2024,01/01/2024,1,2603,17268,3,12,75.0
2,6220675,14:22:17,14:47:05,01/01/2024,01/01/2024,1,2603,17268,1,0,
2,6220675,14:50:49,16:01:16,01/01/2024,01/01/2024,0,2603,17268,2,0,
2,6220675,14:50:49,16:01:16,01/01/2024,01/01/2024,0,2603,17268,3,12,
2,6220675,14:50:49,16:01:16,01/01/2024,01/01/2024,0,2603,17268,3,0,
2,6220675,14:50:49,16:01:16,01/01/2024,01/01/2024,0,2603,17268,3,12,75.0
2,6220675,14:50:49,16:01:16,01/01/2024,01/01/2024,0,2603,17268,1,0,
2,6220675,16:10:26,17:23:21,01/01/2024,01/01/2024,1,2603,17268,2,8,
2,6220675,16:10:26,17:23:21,01/01/2024,01/01/2024,1,2603,17268,5,21,25.0
2,6220675,16:10:26,17:23:21,01/01/2024,01/01/2024,1,2603,17268,6,24,
2,6220675,16:10:26,17:23:21,01/01/2024,01/01/2024,1,2603,17268,2,0,
2,6220675,17:40:40,18:58:34,01/01/2024,01/01/2024,0,2603,17268,5,20,
2,6220675,17:40:40,18:58:34,01/01/2024,01/01/2024,0,2603,17268,5,21,25.0
2,6220675,17:40:40,18:58:34,01/01/2024,01/01/2024,0,2603,17268,9,36,
2,6220675,17:40:40,18:58:34,01/01/2024,01/01/2024,0,2603,17268,3,0,
2,6220675,17:40:40,18:58:34,01/01/2024,01/01/2024,0,2603,17268,3,0,
2,6220675,19:10:09,20:29:06,01/01/2024,01/01/2024,1,2603,17268,13,52,
2,6220675,19:10:09,20:29:06,01/01/2024,01/01/2024,1,2603,17268,8,34,
2,6220675,19:10:09,20:29:06,01/01/2024,01/01/2024,1,2603,17268,1,0,
2,6220675,19:10:09,20:29:06,01/01/2024,01/01/2024,1,2603,17268,3,0,
2,6220675,19:10:09,20:29:06,01/01/2024,01/01/2024,1,2603,17268,2,8,
2,6220675,20:29:16,21:47:39,01/01/2024,01/01/2024,0,2603,17268,5,20,
2,6220675,20:29:16,21:47:39,01/01/2024,01/01/2024,0,2603,17268,5,21,25.0
2,6219162,05:09:52,05:15:44,01/01/2024,01/01/2024,1,2603,17271,1,0,
